INSERT INTO rental_shop(shop_id, shop_name, shop_location)
VALUES ('a0f57009-820c-4a74-97e3-76cacf44d106', 'Aiop Video', 'Kwun Tong');
INSERT INTO rental_shop(shop_id, shop_name, shop_location)
VALUES ('0266df7b-d04e-408b-9996-b24761ed30a4', 'Yahu Film', 'Sha Tin');
INSERT INTO rental_shop(shop_id, shop_name, shop_location)
VALUES ('1092131e-86a5-49d8-a85d-21ab57daf62c', 'Wong Hooo Film', 'Wong Tai Sin');
INSERT INTO rental_shop(shop_id, shop_name, shop_location)
VALUES ('d65e1ad5-b45c-497d-88e7-9ca419042b7e', 'Capital Film', 'Causeway Bay');
INSERT INTO rental_shop(shop_id, shop_name, shop_location)
VALUES ('3c9ba8e2-31a9-4ff0-a84e-b134c567a706', 'Videooo', 'Lam Tin');
INSERT INTO rental_shop(shop_id, shop_name, shop_location)
VALUES ('ad6bda0f-8576-4b3e-8046-dd5088862d1a', 'Huty Images', 'Causeway Bay');

BEGIN;
INSERT INTO movies(movie_id, movie_name, popularity) VALUES('ba82dc91-32d5-4827-963b-a94ee06e660f', E'Love & Other Drugs', 5);
INSERT INTO shop_movie(shop_id, movie_id) VALUES('undefined', 'ba82dc91-32d5-4827-963b-a94ee06e660f');
COMMIT;
BEGIN;
INSERT INTO movies(movie_id, movie_name, popularity) VALUES('b06523b2-ec11-406e-96ea-201b3c936968', E'Plan 9 from Outer Space', 6);
INSERT INTO shop_movie(shop_id, movie_id) VALUES('d65e1ad5-b45c-497d-88e7-9ca419042b7e', 'b06523b2-ec11-406e-96ea-201b3c936968');
COMMIT;
BEGIN;
INSERT INTO movies(movie_id, movie_name, popularity) VALUES('00531438-83fd-411b-af11-bbcba7102d86', E'The Many Adventures of Winnie the Pooh', 5);
INSERT INTO shop_movie(shop_id, movie_id) VALUES('ad6bda0f-8576-4b3e-8046-dd5088862d1a', '00531438-83fd-411b-af11-bbcba7102d86');
COMMIT;
BEGIN;
INSERT INTO movies(movie_id, movie_name, popularity) VALUES('54240dbc-81f6-4aac-93fe-b921d005ea79', E'Wild Wild West', 7);
INSERT INTO shop_movie(shop_id, movie_id) VALUES('3c9ba8e2-31a9-4ff0-a84e-b134c567a706', '54240dbc-81f6-4aac-93fe-b921d005ea79');
COMMIT;
BEGIN;
INSERT INTO movies(movie_id, movie_name, popularity) VALUES('c58d310d-9082-4048-811d-9cd7c76c93d4', E'How the West Was Won', 5);
INSERT INTO shop_movie(shop_id, movie_id) VALUES('3c9ba8e2-31a9-4ff0-a84e-b134c567a706', 'c58d310d-9082-4048-811d-9cd7c76c93d4');
COMMIT;
BEGIN;
INSERT INTO movies(movie_id, movie_name, popularity) VALUES('087ea50a-330a-4664-b0ab-2bc1c4736a25', E'The Adventures of Sharkboy and Lavagirl 3-D', 7);
INSERT INTO shop_movie(shop_id, movie_id) VALUES('0266df7b-d04e-408b-9996-b24761ed30a4', '087ea50a-330a-4664-b0ab-2bc1c4736a25');
COMMIT;
BEGIN;
INSERT INTO movies(movie_id, movie_name, popularity) VALUES('cf59ea4e-1512-4b83-acf5-ac0fe0f412d8', E'Quiz Show', 9);
INSERT INTO shop_movie(shop_id, movie_id) VALUES('ad6bda0f-8576-4b3e-8046-dd5088862d1a', 'cf59ea4e-1512-4b83-acf5-ac0fe0f412d8');
COMMIT;
BEGIN;
INSERT INTO movies(movie_id, movie_name, popularity) VALUES('7f1cc26d-a06a-439d-ab6e-0a8732657fed', E'Punch-Drunk Love', 1);
INSERT INTO shop_movie(shop_id, movie_id) VALUES('ad6bda0f-8576-4b3e-8046-dd5088862d1a', '7f1cc26d-a06a-439d-ab6e-0a8732657fed');
COMMIT;
BEGIN;
INSERT INTO movies(movie_id, movie_name, popularity) VALUES('bc32d3a5-bdf1-41a1-9b11-a4b535a43035', E'Journey to the West', 4);
INSERT INTO shop_movie(shop_id, movie_id) VALUES('0266df7b-d04e-408b-9996-b24761ed30a4', 'bc32d3a5-bdf1-41a1-9b11-a4b535a43035');
COMMIT;
BEGIN;
INSERT INTO movies(movie_id, movie_name, popularity) VALUES('d3db9b3d-da3e-42f8-8d53-3a90861e6914', E'The Greatest Show on Earth', 4);
INSERT INTO shop_movie(shop_id, movie_id) VALUES('ad6bda0f-8576-4b3e-8046-dd5088862d1a', 'd3db9b3d-da3e-42f8-8d53-3a90861e6914');
COMMIT;
BEGIN;
INSERT INTO movies(movie_id, movie_name, popularity) VALUES('e44cc7ff-53ed-416b-a16f-bb6ab50cd7e5', E'Show People', 3);
INSERT INTO shop_movie(shop_id, movie_id) VALUES('d65e1ad5-b45c-497d-88e7-9ca419042b7e', 'e44cc7ff-53ed-416b-a16f-bb6ab50cd7e5');
COMMIT;
BEGIN;
INSERT INTO movies(movie_id, movie_name, popularity) VALUES('55358bd9-1f93-4876-baef-ac9b42475fe1', E'Dawn of the Dead', 9);
INSERT INTO shop_movie(shop_id, movie_id) VALUES('1092131e-86a5-49d8-a85d-21ab57daf62c', '55358bd9-1f93-4876-baef-ac9b42475fe1');
COMMIT;
BEGIN;
INSERT INTO movies(movie_id, movie_name, popularity) VALUES('564c2236-65e8-4322-a182-9a2b66e8aed7', E'I Love You Phillip Morris', 9);
INSERT INTO shop_movie(shop_id, movie_id) VALUES('ad6bda0f-8576-4b3e-8046-dd5088862d1a', '564c2236-65e8-4322-a182-9a2b66e8aed7');
COMMIT;
BEGIN;
INSERT INTO movies(movie_id, movie_name, popularity) VALUES('67e34ca1-a1db-439f-81bf-a81203bfce1b', E'Office Space', 0);
INSERT INTO shop_movie(shop_id, movie_id) VALUES('ad6bda0f-8576-4b3e-8046-dd5088862d1a', '67e34ca1-a1db-439f-81bf-a81203bfce1b');
COMMIT;
BEGIN;
INSERT INTO movies(movie_id, movie_name, popularity) VALUES('d33e8fea-7433-4c8f-8629-f0e97655986c', E'The Adventures of Priscilla, Queen of the Desert', 1);
INSERT INTO shop_movie(shop_id, movie_id) VALUES('ad6bda0f-8576-4b3e-8046-dd5088862d1a', 'd33e8fea-7433-4c8f-8629-f0e97655986c');
COMMIT;
BEGIN;
INSERT INTO movies(movie_id, movie_name, popularity) VALUES('1c4c55e1-65d3-4e6c-ac7b-7f891f8b6513', E'Pirates of the Caribbean: Dead Man\'s Chest', 3);
INSERT INTO shop_movie(shop_id, movie_id) VALUES('ad6bda0f-8576-4b3e-8046-dd5088862d1a', '1c4c55e1-65d3-4e6c-ac7b-7f891f8b6513');
COMMIT;
BEGIN;
INSERT INTO movies(movie_id, movie_name, popularity) VALUES('18e65276-70c8-45b8-9d9d-908d923c37a7', E'An American Tail: Fievel Goes West', 1);
INSERT INTO shop_movie(shop_id, movie_id) VALUES('ad6bda0f-8576-4b3e-8046-dd5088862d1a', '18e65276-70c8-45b8-9d9d-908d923c37a7');
COMMIT;
BEGIN;
INSERT INTO movies(movie_id, movie_name, popularity) VALUES('fc0fbe27-56df-4378-ac78-582d7e38d29a', E'Star Wars: Episode IV - A New Hope', 6);
INSERT INTO shop_movie(shop_id, movie_id) VALUES('ad6bda0f-8576-4b3e-8046-dd5088862d1a', 'fc0fbe27-56df-4378-ac78-582d7e38d29a');
COMMIT;
BEGIN;
INSERT INTO movies(movie_id, movie_name, popularity) VALUES('50f327e8-1232-4142-9820-3713ce098c3f', E'Star Wars: Episode VI - Return of the Jedi', 1);
INSERT INTO shop_movie(shop_id, movie_id) VALUES('d65e1ad5-b45c-497d-88e7-9ca419042b7e', '50f327e8-1232-4142-9820-3713ce098c3f');
COMMIT;
BEGIN;
INSERT INTO movies(movie_id, movie_name, popularity) VALUES('2135c3d1-2543-4d44-bcb7-daf0459bd4ae', E'Star Trek', 4);
INSERT INTO shop_movie(shop_id, movie_id) VALUES('1092131e-86a5-49d8-a85d-21ab57daf62c', '2135c3d1-2543-4d44-bcb7-daf0459bd4ae');
COMMIT;
BEGIN;
INSERT INTO movies(movie_id, movie_name, popularity) VALUES('ef495e80-e094-42ec-8abd-f089aeb01003', E'Star Wars: Episode II - Attack of the Clones', 9);
INSERT INTO shop_movie(shop_id, movie_id) VALUES('undefined', 'ef495e80-e094-42ec-8abd-f089aeb01003');
COMMIT;
BEGIN;
INSERT INTO movies(movie_id, movie_name, popularity) VALUES('57a15d51-47d0-4bba-aeb0-1a37b2ee4f0f', E'Love Actually', 5);
INSERT INTO shop_movie(shop_id, movie_id) VALUES('ad6bda0f-8576-4b3e-8046-dd5088862d1a', '57a15d51-47d0-4bba-aeb0-1a37b2ee4f0f');
COMMIT;
BEGIN;
INSERT INTO movies(movie_id, movie_name, popularity) VALUES('73824695-c3dd-4065-b2a3-c82441f83782', E'Lost in Space', 0);
INSERT INTO shop_movie(shop_id, movie_id) VALUES('d65e1ad5-b45c-497d-88e7-9ca419042b7e', '73824695-c3dd-4065-b2a3-c82441f83782');
COMMIT;
BEGIN;
INSERT INTO movies(movie_id, movie_name, popularity) VALUES('dd62ef6b-44a0-4be2-b392-0ff7caf20bea', E'Dead Poets Society', 2);
INSERT INTO shop_movie(shop_id, movie_id) VALUES('ad6bda0f-8576-4b3e-8046-dd5088862d1a', 'dd62ef6b-44a0-4be2-b392-0ff7caf20bea');
COMMIT;
BEGIN;
INSERT INTO movies(movie_id, movie_name, popularity) VALUES('ba8cba40-482c-4f1e-8f81-37c06fe574cb', E'Dr. Strangelove or: How I Learned to Stop Worrying and Love the Bomb', 0);
INSERT INTO shop_movie(shop_id, movie_id) VALUES('ad6bda0f-8576-4b3e-8046-dd5088862d1a', 'ba8cba40-482c-4f1e-8f81-37c06fe574cb');
COMMIT;
BEGIN;
INSERT INTO movies(movie_id, movie_name, popularity) VALUES('a3dc4070-8e59-455e-9d5b-f024713c695c', E'P.S. I Love You', 7);
INSERT INTO shop_movie(shop_id, movie_id) VALUES('ad6bda0f-8576-4b3e-8046-dd5088862d1a', 'a3dc4070-8e59-455e-9d5b-f024713c695c');
COMMIT;
BEGIN;
INSERT INTO movies(movie_id, movie_name, popularity) VALUES('b68e6294-3023-4ac3-9822-6bbad5862225', E'Muppets from Space', 7);
INSERT INTO shop_movie(shop_id, movie_id) VALUES('ad6bda0f-8576-4b3e-8046-dd5088862d1a', 'b68e6294-3023-4ac3-9822-6bbad5862225');
COMMIT;
BEGIN;
INSERT INTO movies(movie_id, movie_name, popularity) VALUES('11d0eb40-3a16-46dd-8fed-7516c1f6c585', E'Turks in Space', 2);
INSERT INTO shop_movie(shop_id, movie_id) VALUES('0266df7b-d04e-408b-9996-b24761ed30a4', '11d0eb40-3a16-46dd-8fed-7516c1f6c585');
COMMIT;
BEGIN;
INSERT INTO movies(movie_id, movie_name, popularity) VALUES('5a466b94-f8a7-4df5-be1c-849aabeb9957', E'The Adventures of Rocky & Bullwinkle', 8);
INSERT INTO shop_movie(shop_id, movie_id) VALUES('0266df7b-d04e-408b-9996-b24761ed30a4', '5a466b94-f8a7-4df5-be1c-849aabeb9957');
COMMIT;
BEGIN;
INSERT INTO movies(movie_id, movie_name, popularity) VALUES('7c5ee7e4-05f5-4134-aad7-d20fb3bcf2f8', E'The Rocky Horror Picture Show', 2);
INSERT INTO shop_movie(shop_id, movie_id) VALUES('1092131e-86a5-49d8-a85d-21ab57daf62c', '7c5ee7e4-05f5-4134-aad7-d20fb3bcf2f8');
COMMIT;
BEGIN;
INSERT INTO movies(movie_id, movie_name, popularity) VALUES('efff4976-1edf-497c-b244-fd277a3ac21f', E'West Side Story', 1);
INSERT INTO shop_movie(shop_id, movie_id) VALUES('d65e1ad5-b45c-497d-88e7-9ca419042b7e', 'efff4976-1edf-497c-b244-fd277a3ac21f');
COMMIT;
BEGIN;
INSERT INTO movies(movie_id, movie_name, popularity) VALUES('752ba480-bc26-4e8d-a0ff-6ff4dc86e58b', E'Once Upon a Time in the West', 4);
INSERT INTO shop_movie(shop_id, movie_id) VALUES('d65e1ad5-b45c-497d-88e7-9ca419042b7e', '752ba480-bc26-4e8d-a0ff-6ff4dc86e58b');
COMMIT;
BEGIN;
INSERT INTO movies(movie_id, movie_name, popularity) VALUES('5a012ded-4ab7-4801-a713-75124a885cd2', E'Slow West', 4);
INSERT INTO shop_movie(shop_id, movie_id) VALUES('ad6bda0f-8576-4b3e-8046-dd5088862d1a', '5a012ded-4ab7-4801-a713-75124a885cd2');
COMMIT;
BEGIN;
INSERT INTO movies(movie_id, movie_name, popularity) VALUES('331aa659-fbe7-4403-9f3e-67de07244744', E'From Paris with Love', 6);
INSERT INTO shop_movie(shop_id, movie_id) VALUES('3c9ba8e2-31a9-4ff0-a84e-b134c567a706', '331aa659-fbe7-4403-9f3e-67de07244744');
COMMIT;
BEGIN;
INSERT INTO movies(movie_id, movie_name, popularity) VALUES('9485b611-3eae-4578-9cc9-0b7b4eba4b88', E'2001: A Space Odyssey', 5);
INSERT INTO shop_movie(shop_id, movie_id) VALUES('0266df7b-d04e-408b-9996-b24761ed30a4', '9485b611-3eae-4578-9cc9-0b7b4eba4b88');
COMMIT;
BEGIN;
INSERT INTO movies(movie_id, movie_name, popularity) VALUES('26b668b2-3216-49b4-8eab-fd7c307fef13', E'Star Trek II: The Wrath of Khan', 9);
INSERT INTO shop_movie(shop_id, movie_id) VALUES('d65e1ad5-b45c-497d-88e7-9ca419042b7e', '26b668b2-3216-49b4-8eab-fd7c307fef13');
COMMIT;
BEGIN;
INSERT INTO movies(movie_id, movie_name, popularity) VALUES('9f51998d-5f34-47b0-af02-4d14d17775a7', E'Shakespeare in Love', 3);
INSERT INTO shop_movie(shop_id, movie_id) VALUES('d65e1ad5-b45c-497d-88e7-9ca419042b7e', '9f51998d-5f34-47b0-af02-4d14d17775a7');
COMMIT;
BEGIN;
INSERT INTO movies(movie_id, movie_name, popularity) VALUES('9f39ec81-5006-4df5-90cf-f765e7f8943e', E'The Extraordinary Adventures of Adèle Blanc-Sec', 5);
INSERT INTO shop_movie(shop_id, movie_id) VALUES('undefined', '9f39ec81-5006-4df5-90cf-f765e7f8943e');
COMMIT;
BEGIN;
INSERT INTO movies(movie_id, movie_name, popularity) VALUES('1add99d0-a808-4482-8d23-3cc90f60c5c8', E'A Million Ways to Die in the West', 4);
INSERT INTO shop_movie(shop_id, movie_id) VALUES('3c9ba8e2-31a9-4ff0-a84e-b134c567a706', '1add99d0-a808-4482-8d23-3cc90f60c5c8');
COMMIT;
BEGIN;
INSERT INTO movies(movie_id, movie_name, popularity) VALUES('908b8c75-fda4-4581-b8b1-236062a06091', E'Star Trek: First Contact', 0);
INSERT INTO shop_movie(shop_id, movie_id) VALUES('3c9ba8e2-31a9-4ff0-a84e-b134c567a706', '908b8c75-fda4-4581-b8b1-236062a06091');
COMMIT;
BEGIN;
INSERT INTO movies(movie_id, movie_name, popularity) VALUES('60c0cb09-8d12-470a-ba19-9e97684efc9d', E'West of Memphis', 4);
INSERT INTO shop_movie(shop_id, movie_id) VALUES('1092131e-86a5-49d8-a85d-21ab57daf62c', '60c0cb09-8d12-470a-ba19-9e97684efc9d');
COMMIT;
BEGIN;
INSERT INTO movies(movie_id, movie_name, popularity) VALUES('582c21a9-777e-4495-a3bb-8c326663b072', E'Star Wars: Episode V - The Empire Strikes Back', 3);
INSERT INTO shop_movie(shop_id, movie_id) VALUES('0266df7b-d04e-408b-9996-b24761ed30a4', '582c21a9-777e-4495-a3bb-8c326663b072');
COMMIT;
BEGIN;
INSERT INTO movies(movie_id, movie_name, popularity) VALUES('9c85c26a-c393-4597-855c-d2f450b9beb5', E'Star Trek Into Darkness', 2);
INSERT INTO shop_movie(shop_id, movie_id) VALUES('3c9ba8e2-31a9-4ff0-a84e-b134c567a706', '9c85c26a-c393-4597-855c-d2f450b9beb5');
COMMIT;
BEGIN;
INSERT INTO movies(movie_id, movie_name, popularity) VALUES('6e72d035-d317-49a5-8e6c-7b8507b00c92', E'Shaun of the Dead', 7);
INSERT INTO shop_movie(shop_id, movie_id) VALUES('3c9ba8e2-31a9-4ff0-a84e-b134c567a706', '6e72d035-d317-49a5-8e6c-7b8507b00c92');
COMMIT;
BEGIN;
INSERT INTO movies(movie_id, movie_name, popularity) VALUES('b1b393d0-9cf9-4887-b4cf-2eb10f77725b', E'Zathura: A Space Adventure', 1);
INSERT INTO shop_movie(shop_id, movie_id) VALUES('undefined', 'b1b393d0-9cf9-4887-b4cf-2eb10f77725b');
COMMIT;
BEGIN;
INSERT INTO movies(movie_id, movie_name, popularity) VALUES('5138043f-2a10-4a84-b28d-07bd021811cf', E'Space Chimps', 2);
INSERT INTO shop_movie(shop_id, movie_id) VALUES('undefined', '5138043f-2a10-4a84-b28d-07bd021811cf');
COMMIT;
BEGIN;
INSERT INTO movies(movie_id, movie_name, popularity) VALUES('57a75be4-a387-4a82-99ec-070a7fbfcd37', E'The Truman Show', 4);
INSERT INTO shop_movie(shop_id, movie_id) VALUES('3c9ba8e2-31a9-4ff0-a84e-b134c567a706', '57a75be4-a387-4a82-99ec-070a7fbfcd37');
COMMIT;
BEGIN;
INSERT INTO movies(movie_id, movie_name, popularity) VALUES('46bd6f18-06f7-465a-8807-5b6a4878f945', E'Red Rock West', 1);
INSERT INTO shop_movie(shop_id, movie_id) VALUES('0266df7b-d04e-408b-9996-b24761ed30a4', '46bd6f18-06f7-465a-8807-5b6a4878f945');
COMMIT;
BEGIN;
INSERT INTO movies(movie_id, movie_name, popularity) VALUES('6fe7bdcf-95d8-4419-91cd-d784ff316fe3', E'I Love You, Man', 1);
INSERT INTO shop_movie(shop_id, movie_id) VALUES('ad6bda0f-8576-4b3e-8046-dd5088862d1a', '6fe7bdcf-95d8-4419-91cd-d784ff316fe3');
COMMIT;
BEGIN;
INSERT INTO movies(movie_id, movie_name, popularity) VALUES('60bd2932-4e3b-4377-870b-2c2e49a19349', E'Star Wars: Episode I - The Phantom Menace', 1);
INSERT INTO shop_movie(shop_id, movie_id) VALUES('ad6bda0f-8576-4b3e-8046-dd5088862d1a', '60bd2932-4e3b-4377-870b-2c2e49a19349');
COMMIT;
BEGIN;
INSERT INTO movies(movie_id, movie_name, popularity) VALUES('67824c8e-fed7-478c-a898-e8a4a32f1a30', E'Space Cowboys', 2);
INSERT INTO shop_movie(shop_id, movie_id) VALUES('3c9ba8e2-31a9-4ff0-a84e-b134c567a706', '67824c8e-fed7-478c-a898-e8a4a32f1a30');
COMMIT;
BEGIN;
INSERT INTO movies(movie_id, movie_name, popularity) VALUES('0424d4ed-e3a8-4e26-be78-166d144d83f4', E'The Adventures of Baron Munchausen', 2);
INSERT INTO shop_movie(shop_id, movie_id) VALUES('3c9ba8e2-31a9-4ff0-a84e-b134c567a706', '0424d4ed-e3a8-4e26-be78-166d144d83f4');
COMMIT;
BEGIN;
INSERT INTO movies(movie_id, movie_name, popularity) VALUES('aeca38fa-f3c8-49ae-b963-8af02885ab80', E'Adventures in Babysitting', 0);
INSERT INTO shop_movie(shop_id, movie_id) VALUES('0266df7b-d04e-408b-9996-b24761ed30a4', 'aeca38fa-f3c8-49ae-b963-8af02885ab80');
COMMIT;
BEGIN;
INSERT INTO movies(movie_id, movie_name, popularity) VALUES('8852218e-b2a2-4271-99a2-8b1f6b2800ef', E'The Adventures of Buckaroo Banzai Across the 8th Dimension', 7);
INSERT INTO shop_movie(shop_id, movie_id) VALUES('d65e1ad5-b45c-497d-88e7-9ca419042b7e', '8852218e-b2a2-4271-99a2-8b1f6b2800ef');
COMMIT;
BEGIN;
INSERT INTO movies(movie_id, movie_name, popularity) VALUES('adbadab4-cd48-4d6b-bb5e-c8e9252bff36', E'Best in Show', 3);
INSERT INTO shop_movie(shop_id, movie_id) VALUES('0266df7b-d04e-408b-9996-b24761ed30a4', 'adbadab4-cd48-4d6b-bb5e-c8e9252bff36');
COMMIT;
BEGIN;
INSERT INTO movies(movie_id, movie_name, popularity) VALUES('808f9be1-b3a1-4b69-bf18-ddc1c1ba31c8', E'Show Me Love', 3);
INSERT INTO shop_movie(shop_id, movie_id) VALUES('0266df7b-d04e-408b-9996-b24761ed30a4', '808f9be1-b3a1-4b69-bf18-ddc1c1ba31c8');
COMMIT;
BEGIN;
INSERT INTO movies(movie_id, movie_name, popularity) VALUES('4faaec62-371f-4148-9285-9b7b32c2b19c', E'The Last Picture Show', 2);
INSERT INTO shop_movie(shop_id, movie_id) VALUES('0266df7b-d04e-408b-9996-b24761ed30a4', '4faaec62-371f-4148-9285-9b7b32c2b19c');
COMMIT;
BEGIN;
INSERT INTO movies(movie_id, movie_name, popularity) VALUES('1c1b3b01-3141-4f7c-a15e-9aeeec164270', E'Show Boat', 7);
INSERT INTO shop_movie(shop_id, movie_id) VALUES('ad6bda0f-8576-4b3e-8046-dd5088862d1a', '1c1b3b01-3141-4f7c-a15e-9aeeec164270');
COMMIT;
BEGIN;
INSERT INTO movies(movie_id, movie_name, popularity) VALUES('c339aee9-7245-4ce9-8940-ad4b1e258fad', E'The Adventures of Robin Hood', 1);
INSERT INTO shop_movie(shop_id, movie_id) VALUES('0266df7b-d04e-408b-9996-b24761ed30a4', 'c339aee9-7245-4ce9-8940-ad4b1e258fad');
COMMIT;
BEGIN;
INSERT INTO movies(movie_id, movie_name, popularity) VALUES('44d1670b-a4c9-4a2e-b486-fd11ed5f33cf', E'There\'s No Business Like Show Business', 8);
INSERT INTO shop_movie(shop_id, movie_id) VALUES('0266df7b-d04e-408b-9996-b24761ed30a4', '44d1670b-a4c9-4a2e-b486-fd11ed5f33cf');
COMMIT;
BEGIN;
INSERT INTO movies(movie_id, movie_name, popularity) VALUES('2cd380ae-9bb4-4efa-97a0-fe913229a0c9', E'From Russia with Love', 9);
INSERT INTO shop_movie(shop_id, movie_id) VALUES('d65e1ad5-b45c-497d-88e7-9ca419042b7e', '2cd380ae-9bb4-4efa-97a0-fe913229a0c9');
COMMIT;
BEGIN;
INSERT INTO movies(movie_id, movie_name, popularity) VALUES('90da33dd-6a20-45ce-860c-90ee139156be', E'Star Wars: Episode III - Revenge of the Sith', 0);
INSERT INTO shop_movie(shop_id, movie_id) VALUES('3c9ba8e2-31a9-4ff0-a84e-b134c567a706', '90da33dd-6a20-45ce-860c-90ee139156be');
COMMIT;
BEGIN;
INSERT INTO movies(movie_id, movie_name, popularity) VALUES('bce8f5d2-c4e0-426e-87b7-869be09bcd33', E'2001: A Space Travesty', 5);
INSERT INTO shop_movie(shop_id, movie_id) VALUES('0266df7b-d04e-408b-9996-b24761ed30a4', 'bce8f5d2-c4e0-426e-87b7-869be09bcd33');
COMMIT;
BEGIN;
INSERT INTO movies(movie_id, movie_name, popularity) VALUES('62de8e66-f384-46e5-968a-4651c9ef3a6d', E'The Adventures of Tintin', 2);
INSERT INTO shop_movie(shop_id, movie_id) VALUES('3c9ba8e2-31a9-4ff0-a84e-b134c567a706', '62de8e66-f384-46e5-968a-4651c9ef3a6d');
COMMIT;
BEGIN;
INSERT INTO movies(movie_id, movie_name, popularity) VALUES('80f00efd-6d5f-4081-bb30-94d426a971f1', E'Dawn of the Planet of the Apes', 0);
INSERT INTO shop_movie(shop_id, movie_id) VALUES('3c9ba8e2-31a9-4ff0-a84e-b134c567a706', '80f00efd-6d5f-4081-bb30-94d426a971f1');
COMMIT;
BEGIN;
INSERT INTO movies(movie_id, movie_name, popularity) VALUES('0a340509-41f3-4f59-b38a-4671b8c67f6c', E'Diary of a Wimpy Kid', 4);
INSERT INTO shop_movie(shop_id, movie_id) VALUES('ad6bda0f-8576-4b3e-8046-dd5088862d1a', '0a340509-41f3-4f59-b38a-4671b8c67f6c');
COMMIT;
BEGIN;
INSERT INTO movies(movie_id, movie_name, popularity) VALUES('b3529895-2c63-49c7-8ba4-5f1cf3fab61b', E'False Trail', 0);
INSERT INTO shop_movie(shop_id, movie_id) VALUES('3c9ba8e2-31a9-4ff0-a84e-b134c567a706', 'b3529895-2c63-49c7-8ba4-5f1cf3fab61b');
COMMIT;
BEGIN;
INSERT INTO movies(movie_id, movie_name, popularity) VALUES('e1f98eda-184d-4603-aa39-6cc724589a7a', E'All Quiet on the Western Front', 1);
INSERT INTO shop_movie(shop_id, movie_id) VALUES('d65e1ad5-b45c-497d-88e7-9ca419042b7e', 'e1f98eda-184d-4603-aa39-6cc724589a7a');
COMMIT;
BEGIN;
INSERT INTO movies(movie_id, movie_name, popularity) VALUES('6a3e191e-6f4f-4986-9f46-ccc3c52c1407', E'Sukiyaki Western Django', 5);
INSERT INTO shop_movie(shop_id, movie_id) VALUES('3c9ba8e2-31a9-4ff0-a84e-b134c567a706', '6a3e191e-6f4f-4986-9f46-ccc3c52c1407');
COMMIT;
BEGIN;
INSERT INTO movies(movie_id, movie_name, popularity) VALUES('7f3f042a-7e2c-4087-9f2e-9243877ffee4', E'Midnight Cowboy', 2);
INSERT INTO shop_movie(shop_id, movie_id) VALUES('0266df7b-d04e-408b-9996-b24761ed30a4', '7f3f042a-7e2c-4087-9f2e-9243877ffee4');
COMMIT;
BEGIN;
INSERT INTO movies(movie_id, movie_name, popularity) VALUES('69fcd66b-6ab2-44e1-b2a1-a71b41dbecf7', E'Alien', 6);
INSERT INTO shop_movie(shop_id, movie_id) VALUES('undefined', '69fcd66b-6ab2-44e1-b2a1-a71b41dbecf7');
COMMIT;
BEGIN;
INSERT INTO movies(movie_id, movie_name, popularity) VALUES('ff456154-ede5-41f5-8f30-28c0b4f5bfc2', E'The Kid', 7);
INSERT INTO shop_movie(shop_id, movie_id) VALUES('ad6bda0f-8576-4b3e-8046-dd5088862d1a', 'ff456154-ede5-41f5-8f30-28c0b4f5bfc2');
COMMIT;
BEGIN;
INSERT INTO movies(movie_id, movie_name, popularity) VALUES('f470efef-a020-4c8f-833d-388c3e0be242', E'The Big Trail', 7);
INSERT INTO shop_movie(shop_id, movie_id) VALUES('0266df7b-d04e-408b-9996-b24761ed30a4', 'f470efef-a020-4c8f-833d-388c3e0be242');
COMMIT;
BEGIN;
INSERT INTO movies(movie_id, movie_name, popularity) VALUES('ca4d29a3-9e9b-44ca-ae38-2b89adff0516', E'Cowboy Bebop: The Movie', 7);
INSERT INTO shop_movie(shop_id, movie_id) VALUES('undefined', 'ca4d29a3-9e9b-44ca-ae38-2b89adff0516');
COMMIT;
BEGIN;
INSERT INTO movies(movie_id, movie_name, popularity) VALUES('014aa07c-6c25-492c-8d1c-9856346a53fd', E'Urban Cowboy', 9);
INSERT INTO shop_movie(shop_id, movie_id) VALUES('1092131e-86a5-49d8-a85d-21ab57daf62c', '014aa07c-6c25-492c-8d1c-9856346a53fd');
COMMIT;
BEGIN;
INSERT INTO movies(movie_id, movie_name, popularity) VALUES('8130f676-3bc5-4aae-b6af-cff21074d721', E'Alien: Resurrection', 0);
INSERT INTO shop_movie(shop_id, movie_id) VALUES('ad6bda0f-8576-4b3e-8046-dd5088862d1a', '8130f676-3bc5-4aae-b6af-cff21074d721');
COMMIT;
BEGIN;
INSERT INTO movies(movie_id, movie_name, popularity) VALUES('ff465b6c-0cc1-427c-b826-87044a0110a9', E'AVP: Alien vs. Predator', 2);
INSERT INTO shop_movie(shop_id, movie_id) VALUES('0266df7b-d04e-408b-9996-b24761ed30a4', 'ff465b6c-0cc1-427c-b826-87044a0110a9');
COMMIT;
BEGIN;
INSERT INTO movies(movie_id, movie_name, popularity) VALUES('cc5a2b86-f590-42c9-bca9-55a24e4b67b7', E'Crossfire Trail', 5);
INSERT INTO shop_movie(shop_id, movie_id) VALUES('undefined', 'cc5a2b86-f590-42c9-bca9-55a24e4b67b7');
COMMIT;
BEGIN;
INSERT INTO movies(movie_id, movie_name, popularity) VALUES('e073e1a8-19c4-4e80-9153-e0a8abbcded8', E'All Quiet on the Western Front', 8);
INSERT INTO shop_movie(shop_id, movie_id) VALUES('1092131e-86a5-49d8-a85d-21ab57daf62c', 'e073e1a8-19c4-4e80-9153-e0a8abbcded8');
COMMIT;
BEGIN;
INSERT INTO movies(movie_id, movie_name, popularity) VALUES('d7cbaa25-196f-4ec4-adc7-680d73f09c32', E'The Evil Dead', 1);
INSERT INTO shop_movie(shop_id, movie_id) VALUES('d65e1ad5-b45c-497d-88e7-9ca419042b7e', 'd7cbaa25-196f-4ec4-adc7-680d73f09c32');
COMMIT;
BEGIN;
INSERT INTO movies(movie_id, movie_name, popularity) VALUES('f5fde2b3-d39d-4558-8ae8-1243bff035c2', E'Planet of the Apes', 7);
INSERT INTO shop_movie(shop_id, movie_id) VALUES('ad6bda0f-8576-4b3e-8046-dd5088862d1a', 'f5fde2b3-d39d-4558-8ae8-1243bff035c2');
COMMIT;
BEGIN;
INSERT INTO movies(movie_id, movie_name, popularity) VALUES('ac50ab99-8c9c-44bf-aaa4-9fbfb4f4cbb0', E'Treasure Planet', 0);
INSERT INTO shop_movie(shop_id, movie_id) VALUES('undefined', 'ac50ab99-8c9c-44bf-aaa4-9fbfb4f4cbb0');
COMMIT;
BEGIN;
INSERT INTO movies(movie_id, movie_name, popularity) VALUES('3a1285c7-e5b1-4677-a659-f8c7066f984f', E'Alien Raiders', 1);
INSERT INTO shop_movie(shop_id, movie_id) VALUES('1092131e-86a5-49d8-a85d-21ab57daf62c', '3a1285c7-e5b1-4677-a659-f8c7066f984f');
COMMIT;
BEGIN;
INSERT INTO movies(movie_id, movie_name, popularity) VALUES('cb441bef-8a17-4ec5-b5e0-57118ce01a52', E'Beneath the Planet of the Apes', 7);
INSERT INTO shop_movie(shop_id, movie_id) VALUES('1092131e-86a5-49d8-a85d-21ab57daf62c', 'cb441bef-8a17-4ec5-b5e0-57118ce01a52');
COMMIT;
BEGIN;
INSERT INTO movies(movie_id, movie_name, popularity) VALUES('ad2366d1-7bc9-44ee-a6be-c7ae7c4cf8f2', E'Alien Abduction', 2);
INSERT INTO shop_movie(shop_id, movie_id) VALUES('ad6bda0f-8576-4b3e-8046-dd5088862d1a', 'ad2366d1-7bc9-44ee-a6be-c7ae7c4cf8f2');
COMMIT;
BEGIN;
INSERT INTO movies(movie_id, movie_name, popularity) VALUES('582519b9-615e-45fc-843d-fcaa1ac1f863', E'The Kid', 5);
INSERT INTO shop_movie(shop_id, movie_id) VALUES('d65e1ad5-b45c-497d-88e7-9ca419042b7e', '582519b9-615e-45fc-843d-fcaa1ac1f863');
COMMIT;
BEGIN;
INSERT INTO movies(movie_id, movie_name, popularity) VALUES('731eb799-5bc1-41c3-8f4f-4d6fca04719e', E'HOUBA! On the Trail of the Marsupilami', 0);
INSERT INTO shop_movie(shop_id, movie_id) VALUES('ad6bda0f-8576-4b3e-8046-dd5088862d1a', '731eb799-5bc1-41c3-8f4f-4d6fca04719e');
COMMIT;
BEGIN;
INSERT INTO movies(movie_id, movie_name, popularity) VALUES('5ccbb7c5-f994-43ba-8381-e1e043f6efc1', E'Western', 2);
INSERT INTO shop_movie(shop_id, movie_id) VALUES('1092131e-86a5-49d8-a85d-21ab57daf62c', '5ccbb7c5-f994-43ba-8381-e1e043f6efc1');
COMMIT;
BEGIN;
INSERT INTO movies(movie_id, movie_name, popularity) VALUES('91048365-010d-46d5-8733-d81f9f67eb7a', E'The Cowboy Way', 5);
INSERT INTO shop_movie(shop_id, movie_id) VALUES('undefined', '91048365-010d-46d5-8733-d81f9f67eb7a');
COMMIT;
BEGIN;
INSERT INTO movies(movie_id, movie_name, popularity) VALUES('d58e9cf6-9cad-45ed-a242-644ade282749', E'Alien³', 9);
INSERT INTO shop_movie(shop_id, movie_id) VALUES('1092131e-86a5-49d8-a85d-21ab57daf62c', 'd58e9cf6-9cad-45ed-a242-644ade282749');
COMMIT;
BEGIN;
INSERT INTO movies(movie_id, movie_name, popularity) VALUES('978ffac1-367f-4f47-9720-3a981e187aab', E'Planet Terror', 1);
INSERT INTO shop_movie(shop_id, movie_id) VALUES('0266df7b-d04e-408b-9996-b24761ed30a4', '978ffac1-367f-4f47-9720-3a981e187aab');
COMMIT;
BEGIN;
INSERT INTO movies(movie_id, movie_name, popularity) VALUES('b375171c-6b18-44b8-9291-8b86340cdef0', E'The Kid with a Bike', 5);
INSERT INTO shop_movie(shop_id, movie_id) VALUES('ad6bda0f-8576-4b3e-8046-dd5088862d1a', 'b375171c-6b18-44b8-9291-8b86340cdef0');
COMMIT;
BEGIN;
INSERT INTO movies(movie_id, movie_name, popularity) VALUES('1c6bf445-babb-450a-9c34-087093316145', E'Anacondas: Trail of Blood', 6);
INSERT INTO shop_movie(shop_id, movie_id) VALUES('3c9ba8e2-31a9-4ff0-a84e-b134c567a706', '1c6bf445-babb-450a-9c34-087093316145');
COMMIT;
BEGIN;
INSERT INTO movies(movie_id, movie_name, popularity) VALUES('8b12c3cc-9bff-4d3f-8b2d-1c5d513c3e1d', E'Total western', 6);
INSERT INTO shop_movie(shop_id, movie_id) VALUES('1092131e-86a5-49d8-a85d-21ab57daf62c', '8b12c3cc-9bff-4d3f-8b2d-1c5d513c3e1d');
COMMIT;
BEGIN;
INSERT INTO movies(movie_id, movie_name, popularity) VALUES('6137c79d-a7f2-4f90-b98e-55ddeab6a314', E'Planet 51', 5);
INSERT INTO shop_movie(shop_id, movie_id) VALUES('ad6bda0f-8576-4b3e-8046-dd5088862d1a', '6137c79d-a7f2-4f90-b98e-55ddeab6a314');
COMMIT;
BEGIN;
INSERT INTO movies(movie_id, movie_name, popularity) VALUES('c4f71683-d00e-4608-a333-684d41314f05', E'Honey I Blew Up the Kid', 4);
INSERT INTO shop_movie(shop_id, movie_id) VALUES('3c9ba8e2-31a9-4ff0-a84e-b134c567a706', 'c4f71683-d00e-4608-a333-684d41314f05');
COMMIT;
BEGIN;
INSERT INTO movies(movie_id, movie_name, popularity) VALUES('acb7827f-8103-4dc3-8a33-b13a1c8eb6a9', E'Santa Fe Trail', 0);
INSERT INTO shop_movie(shop_id, movie_id) VALUES('3c9ba8e2-31a9-4ff0-a84e-b134c567a706', 'acb7827f-8103-4dc3-8a33-b13a1c8eb6a9');
COMMIT;
BEGIN;
INSERT INTO movies(movie_id, movie_name, popularity) VALUES('dcbdafee-3788-4416-8611-29ccd86fe472', E'The Decline of Western Civilization', 2);
INSERT INTO shop_movie(shop_id, movie_id) VALUES('ad6bda0f-8576-4b3e-8046-dd5088862d1a', 'dcbdafee-3788-4416-8611-29ccd86fe472');
COMMIT;
BEGIN;
INSERT INTO movies(movie_id, movie_name, popularity) VALUES('5536181c-9a80-4363-ae51-771be9d0dccf', E'Western Union', 7);
INSERT INTO shop_movie(shop_id, movie_id) VALUES('3c9ba8e2-31a9-4ff0-a84e-b134c567a706', '5536181c-9a80-4363-ae51-771be9d0dccf');
COMMIT;
BEGIN;
INSERT INTO movies(movie_id, movie_name, popularity) VALUES('19764406-d10a-4f0c-ab1e-e8dd9e646636', E'Carry on Cowboy', 6);
INSERT INTO shop_movie(shop_id, movie_id) VALUES('3c9ba8e2-31a9-4ff0-a84e-b134c567a706', '19764406-d10a-4f0c-ab1e-e8dd9e646636');
COMMIT;
